id,description
A,The number of allowances and ERUs/CERs surrendered by 30 April is greater than or equal to verified emissions
B,The number of allowances and ERUs/CERs surrendered by 30 April is lower than verified emissions
C,Verified emissions were not entered until 30 April
D,Verified emissions were corrected by competent authority after 30 April of year X. The competent authority of the Member State decided that the installation is not in compliance for year X-1
E,Verified emissions were corrected by competent authority after 30 April of year X. The competent authority of the Member State decided that the installation is in compliance for year X-1
X,Entering verified emissions and/or surrendering was impossible until 30 April due to the allowance surrender process and/or verified emissions update process being suspended for the Member State's registry
-,No Compliance Obligations
