id,description
AT,Austria
BE,Belgium
BG,Bulgaria
HR,Croatia
CY,Cyprus
CZ,Czech Republic
DK,Denmark
ED,ESD
EE,Estonia
EU,European Commission
FI,Finland
FR,France
DE,Germany
GR,Greece
HU,Hungary
IS,Iceland
IE,Ireland
IT,Italy
LV,Latvia
LI,Liechtenstein
LT,Lithuania
LU,Luxembourg
MT,Malta
NL,Netherlands
NO,Norway
PL,Poland
PT,Portugal
RO,Romania
SK,Slovakia
SI,Slovenia
ES,Spain
SE,Sweden
GB,United Kingdom
AF,Afghanistan
AX,Aland Islands
AL,Albania
DZ,Algeria
AS,American Samoa
AD,Andorra
AO,Angola
AI,Anguilla
AQ,Antarctica
AG,Antigua And Barbuda
AR,Argentina
AM,Armenia
AW,Aruba
AU,Australia
AZ,Azerbaijan
BS,Bahamas
BH,Bahrain
BD,Bangladesh
BB,Barbados
BY,Belarus
BZ,Belize
BJ,Benin
BM,Bermuda
BT,Bhutan
BO,Bolivia
BQ,"Bonaire, Sint Eustatius and Saba"
BA,Bosnia And Herzegovina
BW,Botswana
BV,Bouvet Island
BR,Brazil
IO,British Indian Ocean Territory
BN,Brunei Darussalam
BF,Burkina Faso
BI,Burundi
CDM,CDM
KH,Cambodia
CM,Cameroon
CA,Canada
CV,Cape Verde
KY,Cayman Islands
CF,Central African Republic
TD,Chad
CL,Chile
CN,China
CX,Christmas Island
CC,Cocos (Keeling) Islands
CO,Colombia
KM,Comoros
CG,Congo
CD,"Congo, The Democratic Republic Of The"
CK,Cook Islands
CR,Costa Rica
CI,Cote D&#39;Ivoire
CU,Cuba
CW,Curacao
CY0,Cyprus CP0
DJ,Djibouti
DM,Dominica
DO,Dominican Republic
EC,Ecuador
EG,Egypt
SV,El Salvador
GQ,Equatorial Guinea
ER,Eritrea
ET,Ethiopia
FK,Falkland Islands (Malvinas)
FO,Faroe Islands
FJ,Fiji
GF,French Guiana
PF,French Polynesia
TF,French Southern Territories
GA,Gabon
GM,Gambia
GE,Georgia
GH,Ghana
GI,Gibraltar
GL,Greenland
GD,Grenada
GP,Guadeloupe
GU,Guam
GT,Guatemala
GN,Guinea
GW,Guinea-Bissau
GY,Guyana
HT,Haiti
HM,Heard Island And Mcdonald Islands
VA,Holy See (Vatican City State)
HN,Honduras
HK,Hong Kong
ITL,ITL
IN,India
ID,Indonesia
IR,"Iran, Islamic Republic Of"
IQ,Iraq
IL,Israel
JM,Jamaica
JP,Japan
JE,Jersey
JO,Jordan
KZ,Kazakhstan
KE,Kenya
KI,Kiribati
KP,"Korea, Democratic People&#39;S Republic Of"
KR,"Korea, Republic Of"
KW,Kuwait
KG,Kyrgyzstan
LA,Lao People&#39;S Democratic Republic
LB,Lebanon
LS,Lesotho
LR,Liberia
LY,Libyan Arab Jamahiriya
MO,Macao
MK,"Macedonia, The Former Yugoslav Republic Of"
MG,Madagascar
MW,Malawi
MY,Malaysia
MV,Maldives
ML,Mali
MT0,Malta CP0
MH,Marshall Islands
MQ,Martinique
MR,Mauritania
MU,Mauritius
YT,Mayotte
MX,Mexico
FM,"Micronesia, Federated States Of"
MD,"Moldova, Republic Of"
MC,Monaco
MN,Mongolia
MS,Montserrat
MA,Morocco
MZ,Mozambique
MM,Myanmar
NA,Namibia
NR,Nauru
NP,Nepal
NC,New Caledonia
NZ,New Zealand
NI,Nicaragua
NE,Niger
NG,Nigeria
NU,Niue
NF,Norfolk Island
MP,Northern Mariana Islands
OM,Oman
PK,Pakistan
PW,Palau
PS,"Palestinian Territory, Occupied"
PA,Panama
PG,Papua New Guinea
PY,Paraguay
PE,Peru
PH,Philippines
PN,Pitcairn
PR,Puerto Rico
QA,Qatar
RE,Reunion
RU,Russian Federation
RW,Rwanda
BL,Saint Barthelemy
SH,Saint Helena
KN,Saint Kitts And Nevis
LC,Saint Lucia
MF,Saint Martin (French part)
PM,Saint Pierre And Miquelon
VC,Saint Vincent And The Grenadines
WS,Samoa
SM,San Marino
ST,Sao Tome And Principe
SA,Saudi Arabia
SN,Senegal
CS,Serbia And Montenegro
SC,Seychelles
SL,Sierra Leone
SG,Singapore
SX,Sint Maarten (Dutch part)
SB,Solomon Islands
SO,Somalia
ZA,South Africa
GS,South Georgia And The South Sandwich Islands
SS,South Sudan
LK,Sri Lanka
SD,Sudan
SR,Suriname
SJ,Svalbard And Jan Mayen
SZ,Swaziland
CH,Switzerland
SY,Syrian Arab Republic
TW,"Taiwan, Province Of China"
TJ,Tajikistan
TZ,"Tanzania, United Republic Of"
TH,Thailand
TL,Timor-Leste
TG,Togo
TK,Tokelau
TO,Tonga
TT,Trinidad And Tobago
TN,Tunisia
TR,Turkey
TM,Turkmenistan
TC,Turks And Caicos Islands
TV,Tuvalu
UG,Uganda
UA,Ukraine
AE,United Arab Emirates
US,United States
UM,United States Minor Outlying Islands
UY,Uruguay
UZ,Uzbekistan
VU,Vanuatu
VE,Venezuela
VN,Viet Nam
VG,"Virgin Islands, British"
VI,"Virgin Islands, U.S."
WF,Wallis And Futuna
EH,Western Sahara
YE,Yemen
ZM,Zambia
ZW,Zimbabwe
