id,description
0,No Supplementary Type
1,Allowance cancellation (2005-2007)
104,Reversal of cancellation
12,ESD KP Transfer from PHA
124,Reversal of cancellation
135,Allocation of aviation allowances
136,Allocation of general allowances
142,Reversal Transfer Entitlement
143,Reversal Carry Over Entitlement
16,ESD Return to KP after Compliance
171,Reversal of Exchange
172,Reversal of Transfer of Exchanged
19,Retirement ESD Used Units
190,Reversal of deletion
2,Allowance surrender
21,External transfer (2005-2007)
22,External transfer between art63a registries
24,Issuance - Internal transfer Art 63a
26,Conversion of art63a allowances
272,Reversal of Issuance of Exchanged
3,Retirement (2005-2007)
30,Issuance of aviation allowances
31,Issuance of general allowances
33,Aviation allowances - Banking
34,General allowances - Banking
35,Allocation of aviation allowances
36,Allocation of general allowances
37,Auction delivery
38,Carry Over of CERs or ERUs converted from AAUs
39,Carry Over of AAUs
4,Surrender Kyoto Units from AOHA
41,Cancellation and replacement
42,Transfer Entitlement
43,Carry Over Entitlement
44,ESD Reversal KP Transfer
45,Article 3.7ter Cancellation
46,Ambition Increase Cancellation
47,Transfer to SOP for First External Transfer of AAUs
48,Mandatory Cancellation
49,Transfer to SOP for Conversion
51,Allowance issue (2005-2007)
52,Allowance issue (2008-2012 onwards)
53,Allowance allocation
54,Force-majeure allowance issue
55,Correction to allowances
56,Conversion prior to Transfer to SOP (Conversion A)
57,Conversion of AAUs or RMUs into ERUs (Conversion B)
61,Surrendered Allowance Conversion
62,Unallocated Allowance Conversion
71,Exchange
72,Exchanged
75,75-AAU set aside
82,Reversal of surrender
84,Reversal of Surrender Kyoto Units from AOHA
86,Reverse of Excess Allocation
90,Deletion of allowances
91,Cancellation against deletion
92,Reversal of Allowance Surrender
93,Correction
94,Reversal of Allowance Cancellation
