id,description
RMU,RMU - Removal Unit
CER,CER - Certified Emission Reduction Unit
ERU_RMU,ERU - Emission Reduction Unit (Converted from an RMU)
tCER,tCER - Temporary CER
EUA_2013,General allowances
EUA_2008,AAU - Assigned Amount Unit - Allowance issued for the 2008-2012 period and subsequent 5-year periods and is converted from an AAU
ERU,ERU - Emission Reduction Unit (Converted from an AAU)
EUA2005,Allowance issued for the 2005-2007 period and not converted from an AAU or other Kyoto unit
AEUA,Aviation allowances
AAU,AAU - Assigned Amount Unit
